{"cameraMode":{"drawMode":0,"name":"Shaded","section":"Shading Mode"},"sceneLighting":true,"audioPlay":false,"sceneViewState":{"showFog":false,"showMaterialUpdate":false,"showSkybox":false,"showFlares":false,"showImageEffects":false,"showParticleSystems":false},"in2DMode":false,"pivot":{"x":1234.06396484375,"y":462.2085266113281,"z":-1588.3671875},"rotation":{"x":-0.05853486433625221,"y":0.09031739085912705,"z":-0.0053172544576227669,"w":-0.9941796064376831},"size":3996.08642578125,"orthographic":true}